{
  "box_loss": 0.0,
  "cls_loss": 0.0,
  "map50": 0.995,
  "map50_95": 0.9949550495790458,
  "precision": 0.9998200019294625,
  "recall": 1.0
}